nb_shards,nb_requests,accuracy,retraining_time
5,0,0.9709800648454303,284.74216294288635
